IDENTIFIER,NAME,NB_ORDERED,GLOBAL_TURNOVER,GLOBAL_PROFIT,HOUR
3,Demi peche,1,4,2.5,2022-04-09T17:00:00
5,Choucroute,1,12,9,2022-04-09T17:00:00
9,Flammkueche au munster,2,20,10,2022-04-09T17:00:00
9,Flammkueche au munster,1,10,5,2022-05-01T20:00:00
14,Boudin blanc sauce aux girolles et marrons,1,7,6,2022-04-09T17:00:00
18,Tarte au citron,1,6,4,2022-05-01T20:00:00
22,Maxi burger frite,2,28,14,2022-04-09T17:00:00
22,Maxi burger frite,1,14,7,2022-05-01T20:00:00
23,Carbonade flamande,1,10,6,2022-05-01T20:00:00
